Date,Ticker,Open,High,Low,Close,Adj_Close,Volume,Dividends,Stock_Splits,sent_pos,sent_neu,sent_neg,sent_score
2025-09-25,AAPL,253.2100067138672,257.1700134277344,251.7100067138672,256.8699951171875,256.6212158203125,55202100,0.0,0.0,0.2319471464891518,0.4327502636172409,0.3353025947830507,-0.1033554482938987
2025-09-26,AAPL,254.1000061035156,257.6000061035156,253.77999877929688,255.4600067138672,255.2126007080078,46076300,0.0,0.0,0.0922871380590083,0.6459622397655393,0.2617506158606308,-0.1694634778016224
2025-09-29,AAPL,254.55999755859372,255.0,253.00999450683597,254.42999267578125,254.18359375,40127700,0.0,0.0,0.4318032282947873,0.310576821056505,0.257619943935424,0.1741832843593632
2025-09-30,AAPL,254.8600006103516,255.9199981689453,253.1100006103516,254.6300048828125,254.38340759277344,37704300,0.0,0.0,0.375938155089638,0.4049328560608306,0.2191289884836545,0.1568091666059834
2025-10-01,AAPL,255.0399932861328,258.7900085449219,254.92999267578125,255.4499969482422,255.20260620117188,48713900,0.0,0.0,0.2728178596410613,0.3857474307266947,0.341434696307167,-0.0686168366661056
2025-10-02,AAPL,256.5799865722656,258.17999267578125,254.1499938964844,257.1300048828125,256.8809814453125,42630200,0.0,0.0,0.1645382332693164,0.5035086946251491,0.3319530800605813,-0.1674148467912648
2025-10-03,AAPL,254.6699981689453,259.239990234375,253.9499969482422,258.0199890136719,257.7701110839844,49155600,0.0,0.0,0.3979749621291245,0.2928627692296036,0.3091622753867081,0.0888126867424164
2025-10-06,AAPL,257.989990234375,259.07000732421875,255.0500030517578,256.69000244140625,256.44140625,44664100,0.0,0.0,0.1971374278488967,0.3941899650907587,0.4086726097656147,-0.2115351819167179
2025-10-07,AAPL,256.8099975585937,257.3999938964844,255.42999267578125,256.4800109863281,256.23162841796875,31955800,0.0,0.0,0.1468215149102939,0.3388618462615543,0.5143166349993812,-0.3674951200890872
2025-10-08,AAPL,256.5199890136719,258.5199890136719,256.1099853515625,258.0599975585937,257.8100891113281,36496900,0.0,0.0,0.2329208960956228,0.5098450028204492,0.2572340966601457,-0.0243132005645228
2025-10-09,AAPL,257.8099975585937,258.0,253.13999938964844,254.0399932861328,253.79396057128903,38322000,0.0,0.0,0.3290622496210476,0.4980816867147736,0.1728560617741416,0.156206187846906
2025-10-10,AAPL,254.94000244140625,256.3800048828125,244.0,245.2700042724609,245.032470703125,61999100,0.0,0.0,0.3445989806437864,0.3882486182963475,0.26715241195634,0.0774465686874464
2025-10-13,AAPL,249.3800048828125,249.69000244140625,245.55999755859372,247.66000366210935,247.42015075683597,38142900,0.0,0.0,0.4431393709248648,0.3694134215072083,0.1874471946189609,0.2556921763059038
2025-10-14,AAPL,246.6000061035156,248.8500061035156,244.6999969482422,247.7700042724609,247.5300445556641,35478000,0.0,0.0,0.1073829684303038,0.5370643894291587,0.3555526522298653,-0.2481696837995615
2025-10-15,AAPL,249.4900054931641,251.82000732421875,247.47000122070312,249.33999633789065,249.09852600097656,33893600,0.0,0.0,0.1683031504145926,0.5953719058384498,0.2363249390696485,-0.0680217886550558
2025-10-16,AAPL,248.25,249.0399932861328,245.1300048828125,247.4499969482422,247.2103576660156,39777000,0.0,0.0,0.2168210103656306,0.5229278362751233,0.2602511461485515,-0.0434301357829209
2025-10-17,AAPL,248.0200042724609,253.3800048828125,247.2700042724609,252.2899932861328,252.045654296875,49147000,0.0,0.0,0.2320317645173738,0.4595074925900382,0.308460738235975,-0.0764289737186011
2025-10-20,AAPL,255.88999938964844,264.3800048828125,255.6300048828125,262.239990234375,261.98602294921875,90483000,0.0,0.0,0.2685651087346647,0.5644509695743307,0.1669839078817387,0.1015812008529259
2025-10-21,AAPL,261.8800048828125,265.2900085449219,261.8299865722656,262.7699890136719,262.5155029296875,46695900,0.0,0.0,0.190282846067814,0.4522818054884989,0.3574353352268326,-0.1671524891590184
2025-10-22,AAPL,262.6499938964844,262.8500061035156,255.42999267578125,258.45001220703125,258.19970703125,45015300,0.0,0.0,0.3677372222357407,0.3709246640139054,0.2613381198948112,0.1063991023409294
2025-10-23,AAPL,259.94000244140625,260.6199951171875,258.010009765625,259.5799865722656,259.3285827636719,32754900,0.0,0.0,0.2356522188193219,0.3853731495602165,0.3789746307165307,-0.1433224118972087
2025-10-24,AAPL,261.19000244140625,264.1300048828125,259.17999267578125,262.82000732421875,262.56549072265625,38253700,0.0,0.0,,,,
2025-10-27,AAPL,264.8800048828125,269.1199951171875,264.6499938964844,268.8099975585937,268.5496520996094,44888200,0.0,0.0,,,,
2025-10-28,AAPL,268.989990234375,269.8900146484375,268.1499938964844,269.0,268.7394714355469,41534800,0.0,0.0,,,,
2025-10-29,AAPL,269.2799987792969,271.4100036621094,267.1099853515625,269.70001220703125,269.4388122558594,51086700,0.0,0.0,,,,
2025-10-30,AAPL,271.989990234375,274.1400146484375,268.4800109863281,271.3999938964844,271.1371459960937,69886500,0.0,0.0,,,,
2025-10-31,AAPL,276.989990234375,277.32000732421875,269.1600036621094,270.3699951171875,270.108154296875,86167100,0.0,0.0,,,,
2025-11-03,AAPL,270.4200134277344,270.8500061035156,266.25,269.04998779296875,268.7894287109375,50194600,0.0,0.0,,,,
2025-11-04,AAPL,268.3299865722656,271.489990234375,267.6199951171875,270.0400085449219,269.7784729003906,49274800,0.0,0.0,,,,
2025-11-05,AAPL,268.6099853515625,271.70001220703125,266.92999267578125,270.1400146484375,269.8783874511719,43683100,0.0,0.0,0.2296438599471003,0.5125108041800559,0.2578453265130519,-0.0282014665659516
2025-11-06,AAPL,267.8900146484375,273.3999938964844,267.8900146484375,269.7699890136719,269.5087280273437,51204000,0.0,0.0,0.3570000923204201,0.4390300271204776,0.2039698805935956,0.1530302117268245
2025-11-07,AAPL,269.79998779296875,272.2900085449219,266.7699890136719,268.4700012207031,268.2099914550781,48227400,0.0,0.0,0.4042134295838575,0.3205057927407324,0.27528077402773,0.1289326555561274
2025-11-10,AAPL,268.9599914550781,273.7300109863281,267.4599914550781,269.42999267578125,269.42999267578125,41312400,0.26,0.0,,,,
2025-11-11,AAPL,269.8099975585937,275.9100036621094,269.79998779296875,275.25,275.25,46208300,0.0,0.0,,,,
2025-11-12,AAPL,275.0,275.7300109863281,271.70001220703125,273.4700012207031,273.4700012207031,48398000,0.0,0.0,,,,
2025-11-13,AAPL,274.1099853515625,276.70001220703125,272.0899963378906,272.95001220703125,272.95001220703125,49602800,0.0,0.0,,,,
2025-11-14,AAPL,271.04998779296875,275.9599914550781,269.6000061035156,272.4100036621094,272.4100036621094,47431300,0.0,0.0,,,,
2025-11-17,AAPL,268.82000732421875,270.489990234375,265.7300109863281,267.4599914550781,267.4599914550781,45018300,0.0,0.0,0.2864045564677904,0.3432225813052024,0.370372864883393,-0.0839683084156025
2025-11-18,AAPL,269.989990234375,270.7099914550781,265.32000732421875,267.44000244140625,267.44000244140625,45677300,0.0,0.0,0.3411543044075369,0.338712687343359,0.320133014768362,0.0210212896391749
2025-11-19,AAPL,265.5299987792969,272.2099914550781,265.5,268.5599975585937,268.5599975585937,40424500,0.0,0.0,0.2983667905209586,0.4422688383298616,0.259364374835665,0.0390024156852935
2025-11-20,AAPL,270.8299865722656,275.42999267578125,265.9200134277344,266.25,266.25,45823600,0.0,0.0,0.21452352785341,0.3468221822643981,0.4386542854721055,-0.2241307576186955
2025-11-21,AAPL,265.95001220703125,273.3299865722656,265.6700134277344,271.489990234375,271.489990234375,59030800,0.0,0.0,0.3530385340563953,0.3498328152793244,0.2971286511478515,0.0559098829085437
2025-11-24,AAPL,270.8999938964844,277.0,270.8999938964844,275.9200134277344,275.9200134277344,65585800,0.0,0.0,,,,
2025-11-25,AAPL,275.2699890136719,280.3800048828125,275.25,276.9700012207031,276.9700012207031,46914200,0.0,0.0,0.2389764351149399,0.564543886265407,0.1964796668746405,0.0424967682402994
2025-11-26,AAPL,276.9599914550781,279.5299987792969,276.6300048828125,277.54998779296875,277.54998779296875,33431400,0.0,0.0,0.3731459321806559,0.2883675574148828,0.3384864940937306,0.0346594380869253
2025-11-28,AAPL,277.260009765625,279.0,275.989990234375,278.8500061035156,278.8500061035156,20135600,0.0,0.0,0.2384197228155763,0.5165443110246477,0.2450359654612839,-0.0066162426457074
2025-12-01,AAPL,278.010009765625,283.4200134277344,276.1400146484375,283.1000061035156,283.1000061035156,46528400,0.0,0.0,0.2133475536141882,0.3416790971532464,0.4449733434752984,-0.2316257898611101
2025-09-25,AMZN,220.05999755859372,220.6699981689453,216.47000122070312,218.1499938964844,218.1499938964844,52226300,0.0,0.0,0.4847090886440128,0.4468598226085305,0.0684310974553227,0.4162779911886901
2025-09-26,AMZN,219.0800018310547,221.0500030517578,218.0200042724609,219.77999877929688,219.77999877929688,41650100,0.0,0.0,0.367531457509941,0.3316850619127926,0.3007834817832097,0.0667479757267313
2025-09-29,AMZN,220.0800018310547,222.6000061035156,219.3000030517578,222.1699981689453,222.1699981689453,44259200,0.0,0.0,0.3131890687385968,0.3929909724939727,0.2938199427656151,0.0193691259729817
2025-09-30,AMZN,222.02999877929688,222.2400054931641,217.88999938964844,219.57000732421875,219.57000732421875,48396400,0.0,0.0,0.1929855967522598,0.4347934617660939,0.3722209447063505,-0.1792353479540906
2025-10-01,AMZN,217.3600006103516,222.1499938964844,216.6100006103516,220.6300048828125,220.6300048828125,43933800,0.0,0.0,0.2307393610667945,0.4320239330091598,0.3372367115648971,-0.1064973504981025
2025-10-02,AMZN,221.00999450683597,222.80999755859372,218.9499969482422,222.41000366210935,222.41000366210935,41258600,0.0,0.0,0.313020066116695,0.4441861057205609,0.2427938205224496,0.0702262455942454
2025-10-03,AMZN,223.44000244140625,224.1999969482422,219.33999633789065,219.50999450683597,219.50999450683597,43639000,0.0,0.0,0.3286319481707069,0.3409688712617512,0.3303991773187421,-0.0017672291480351
2025-10-06,AMZN,221.0,221.72999572753903,216.02999877929688,220.8999938964844,220.8999938964844,43690900,0.0,0.0,0.1849569680813986,0.4698432655288623,0.3451997722284151,-0.1602428041470165
2025-10-07,AMZN,220.8800048828125,222.88999938964844,220.1699981689453,221.77999877929688,221.77999877929688,31194700,0.0,0.0,0.1312010873180742,0.4963815366992584,0.372417385618274,-0.2412162983001997
2025-10-08,AMZN,222.9199981689453,226.72999572753903,221.19000244140625,225.22000122070312,225.22000122070312,46686000,0.0,0.0,0.2355837909429258,0.3733861761268328,0.3910300384804204,-0.1554462475374945
2025-10-09,AMZN,225.0,228.2100067138672,221.75,227.7400054931641,227.7400054931641,46412100,0.0,0.0,0.168555548802639,0.4993031543369094,0.3321412994215886,-0.1635857506189495
2025-10-10,AMZN,226.2100067138672,228.25,216.0,216.3699951171875,216.3699951171875,72367500,0.0,0.0,,,,
2025-10-13,AMZN,217.6999969482422,220.67999267578125,217.0399932861328,220.07000732421875,220.07000732421875,37809700,0.0,0.0,0.1553065432052985,0.4344069973620421,0.4102864632127331,-0.2549799200074345
2025-10-14,AMZN,215.55999755859372,219.32000732421875,212.6000061035156,216.38999938964844,216.38999938964844,45665600,0.0,0.0,0.3735681175254284,0.3560891099008066,0.2703427783612693,0.1032253391641591
2025-10-15,AMZN,216.6199951171875,217.7100067138672,212.66000366210935,215.57000732421875,215.57000732421875,45909500,0.0,0.0,0.1994887822204165,0.4718337370600137,0.3286774780187341,-0.1291886957983175
2025-10-16,AMZN,215.6699981689453,218.58999633789065,212.80999755859372,214.47000122070312,214.47000122070312,42414600,0.0,0.0,0.1346646890872054,0.2963882817162407,0.5689470105701022,-0.4342823214828968
2025-10-17,AMZN,214.55999755859372,214.8000030517578,211.02999877929688,213.0399932861328,213.0399932861328,45986900,0.0,0.0,0.3229692172192568,0.305942112280588,0.371088677085936,-0.0481194598666791
2025-10-20,AMZN,213.8800048828125,216.69000244140625,213.58999633789065,216.47999572753903,216.47999572753903,38882800,0.0,0.0,0.5543243442103267,0.208613631222397,0.2370620368793606,0.317262307330966
2025-10-21,AMZN,218.42999267578125,223.32000732421875,217.9900054931641,222.02999877929688,222.02999877929688,50494600,0.0,0.0,0.3736729570010905,0.3254970108289598,0.3008300303236433,0.0728429266774471
2025-10-22,AMZN,219.3000030517578,220.00999450683597,216.5200042724609,217.9499969482422,217.9499969482422,44308500,0.0,0.0,0.3441079596155568,0.3983018888863163,0.2575901608031831,0.0865177988123737
2025-10-23,AMZN,219.0,221.3000030517578,218.17999267578125,221.08999633789065,221.08999633789065,31540000,0.0,0.0,0.2390532387563815,0.2718665508481745,0.4890802155893582,-0.2500269768329767
2025-10-24,AMZN,221.97000122070312,225.3999938964844,221.8999938964844,224.2100067138672,224.2100067138672,38685100,0.0,0.0,,,,
2025-10-27,AMZN,227.66000366210935,228.3999938964844,225.5399932861328,226.97000122070312,226.97000122070312,38267000,0.0,0.0,,,,
2025-10-28,AMZN,228.22000122070312,231.4900054931641,226.2100067138672,229.25,229.25,47100000,0.0,0.0,,,,
2025-10-29,AMZN,231.6699981689453,232.82000732421875,227.75999450683597,230.3000030517578,230.3000030517578,52036200,0.0,0.0,,,,
2025-10-30,AMZN,227.05999755859372,228.44000244140625,222.75,222.8600006103516,222.8600006103516,102252900,0.0,0.0,,,,
2025-10-31,AMZN,250.1000061035156,250.5,243.97999572753903,244.22000122070312,244.22000122070312,166340800,0.0,0.0,,,,
2025-11-03,AMZN,255.3600006103516,258.6000061035156,252.8999938964844,254.0,254.0,95997800,0.0,0.0,0.1856625242666764,0.4383971062488854,0.3759403784166683,-0.1902778541499917
2025-11-04,AMZN,250.3800048828125,257.010009765625,248.66000366210935,249.32000732421875,249.32000732421875,51546300,0.0,0.0,0.2425643993940736,0.4699048536223552,0.2875307452613635,-0.0449663458672899
2025-11-05,AMZN,249.02999877929688,251.0,246.16000366210935,250.1999969482422,250.1999969482422,40610700,0.0,0.0,0.4083565199161293,0.3509933156892657,0.2406501590308767,0.1677063608852525
2025-11-06,AMZN,249.16000366210935,250.3800048828125,242.1699981689453,243.0399932861328,243.0399932861328,46004200,0.0,0.0,0.3447684749844484,0.3807450150391863,0.2744865171650114,0.0702819578194369
2025-11-07,AMZN,242.8999938964844,244.8999938964844,238.4900054931641,244.41000366210935,244.41000366210935,46374300,0.0,0.0,0.2005362669782092,0.2418992817401885,0.5575644727796316,-0.3570282058014224
2025-11-10,AMZN,248.33999633789065,251.75,245.58999633789065,248.3999938964844,248.3999938964844,36476500,0.0,0.0,,,,
2025-11-11,AMZN,248.41000366210935,249.75,247.22999572753903,249.1000061035156,249.1000061035156,23564100,0.0,0.0,,,,
2025-11-12,AMZN,250.2400054931641,250.3699951171875,243.75,244.1999969482422,244.1999969482422,31190100,0.0,0.0,,,,
2025-11-13,AMZN,243.0500030517578,243.75,236.5,237.5800018310547,237.5800018310547,41401700,0.0,0.0,,,,
2025-11-14,AMZN,235.05999755859372,238.72999572753903,232.88999938964844,234.69000244140625,234.69000244140625,38956700,0.0,0.0,,,,
2025-11-17,AMZN,233.25,234.6000061035156,229.19000244140625,232.8699951171875,232.8699951171875,59919000,0.0,0.0,,,,
2025-11-18,AMZN,228.1000061035156,230.1999969482422,222.4199981689453,222.5500030517578,222.5500030517578,60608400,0.0,0.0,0.5496937840767769,0.2054675075818191,0.2448387153616005,0.3048550687151763
2025-11-19,AMZN,223.7400054931641,223.7400054931641,218.5200042724609,222.69000244140625,222.69000244140625,58335600,0.0,0.0,0.2713695117378268,0.4407651538389142,0.2878653430379926,-0.0164958313001658
2025-11-20,AMZN,227.0500030517578,227.41000366210935,216.7400054931641,217.13999938964844,217.13999938964844,50309000,0.0,0.0,0.2209534037237365,0.3890522372701929,0.3899943526834249,-0.1690409489596883
2025-11-21,AMZN,216.3500061035156,222.2100067138672,215.17999267578125,220.69000244140625,220.69000244140625,68490500,0.0,0.0,0.380488870214791,0.4043044532919603,0.2152066820210987,0.1652821881936923
2025-11-24,AMZN,222.55999755859372,227.3300018310547,222.2700042724609,226.27999877929688,226.27999877929688,54318400,0.0,0.0,,,,
2025-11-25,AMZN,226.3800048828125,230.5200042724609,223.8000030517578,229.6699981689453,229.6699981689453,39379300,0.0,0.0,,,,
2025-11-26,AMZN,230.7400054931641,231.75,228.7700042724609,229.16000366210935,229.16000366210935,38497900,0.0,0.0,0.2277153610355323,0.4042965172945211,0.3679881130034724,-0.14027275196794
2025-11-28,AMZN,231.2400054931641,233.2899932861328,230.22000122070312,233.22000122070312,233.22000122070312,20292300,0.0,0.0,0.2393512252588258,0.4669743534827301,0.2936744102558424,-0.0543231849970165
2025-12-01,AMZN,233.22000122070312,235.8000030517578,232.25,233.8800048828125,233.8800048828125,42847900,0.0,0.0,0.3996398669800588,0.2706379069547568,0.3297222533396312,0.0699176136404275
2025-09-25,GOOGL,244.3999938964844,246.4900054931641,240.7400054931641,245.7899932861328,245.7899932861328,31020400,0.0,0.0,0.1284296787343919,0.2986947055906057,0.5728756487369537,-0.4444459700025618
2025-09-26,GOOGL,247.07000732421875,249.4199981689453,245.97000122070312,246.5399932861328,246.5399932861328,18503200,0.0,0.0,0.1873625338310375,0.4082479426171631,0.4043895184528082,-0.2170269846217706
2025-09-29,GOOGL,247.8500061035156,251.1499938964844,242.7700042724609,244.0500030517578,244.0500030517578,32505800,0.0,0.0,0.2086095468710279,0.4584828755921787,0.332907569491201,-0.1242980226201729
2025-09-30,GOOGL,242.80999755859372,243.2899932861328,239.25,243.1000061035156,243.1000061035156,34724300,0.0,0.0,0.2407589711180728,0.5021633941157744,0.2570776428754736,-0.0163186717574007
2025-10-01,GOOGL,240.75,246.3000030517578,238.6100006103516,244.8999938964844,244.8999938964844,31658200,0.0,0.0,0.2494676670467015,0.3754131585592403,0.3751191683113574,-0.1256515012646559
2025-10-02,GOOGL,245.1499938964844,246.80999755859372,242.3000030517578,245.69000244140625,245.69000244140625,25483300,0.0,0.0,0.2357509203255176,0.5003878459334373,0.2638612351566552,-0.0281103148311376
2025-10-03,GOOGL,244.4900054931641,246.3000030517578,241.66000366210935,245.3500061035156,245.3500061035156,30249600,0.0,0.0,0.1457178045961039,0.4401896063031422,0.4140925976551241,-0.2683747930590201
2025-10-06,GOOGL,244.77999877929688,251.32000732421875,244.5800018310547,250.42999267578125,250.42999267578125,28894700,0.0,0.0,0.1966867838782491,0.4513147637189831,0.3519984527083579,-0.1553116688301088
2025-10-07,GOOGL,248.2700042724609,250.44000244140625,245.5200042724609,245.75999450683597,245.75999450683597,23181300,0.0,0.0,0.2231157777759317,0.445670283327882,0.3312139281501564,-0.1080981503742245
2025-10-08,GOOGL,244.9600067138672,246.00999450683597,243.82000732421875,244.6199951171875,244.6199951171875,21307100,0.0,0.0,0.2034490850511128,0.4244739845314104,0.3720769427068855,-0.1686278576557726
2025-10-09,GOOGL,244.47000122070312,244.75999450683597,239.1499938964844,241.52999877929688,241.52999877929688,27892100,0.0,0.0,0.2640843294704189,0.4559371534448403,0.2799785162966984,-0.0158941868262795
2025-10-10,GOOGL,241.42999267578125,244.08999633789065,235.83999633789065,236.57000732421875,236.57000732421875,33180300,0.0,0.0,0.3586080944234574,0.3720436195187546,0.269348290576427,0.0892598038470303
2025-10-13,GOOGL,240.2100067138672,244.5,239.7100067138672,244.1499938964844,244.1499938964844,24995000,0.0,0.0,0.2147028999786604,0.5241001491873142,0.2611969480948413,-0.0464940481161808
2025-10-14,GOOGL,241.22999572753903,247.1199951171875,240.50999450683597,245.4499969482422,245.4499969482422,22111600,0.0,0.0,0.0739916885547615,0.6514393869373534,0.2745689332347225,-0.2005772446799609
2025-10-15,GOOGL,247.25,252.1100006103516,245.9900054931641,251.02999877929688,251.02999877929688,27007700,0.0,0.0,0.1113991746678948,0.472496988158673,0.4161038237313429,-0.3047046490634481
2025-10-16,GOOGL,251.7700042724609,256.9599914550781,250.1000061035156,251.4600067138672,251.4600067138672,27997200,0.0,0.0,0.1914275249000638,0.5211566764012199,0.2874158053823253,-0.0959882804822614
2025-10-17,GOOGL,250.75999450683597,254.22000122070312,247.80999755859372,253.3000030517578,253.3000030517578,29671600,0.0,0.0,0.1971939981560266,0.4252954581752419,0.3775105416065171,-0.1803165434504903
2025-10-20,GOOGL,254.69000244140625,257.3299865722656,254.22999572753903,256.54998779296875,256.54998779296875,22350200,0.0,0.0,0.2226511268721272,0.4899567009415477,0.2873921685386448,-0.0647410416665176
2025-10-21,GOOGL,254.7400054931641,254.8800048828125,244.1499938964844,250.4600067138672,250.4600067138672,47312100,0.0,0.0,0.2907201545664443,0.4086773244154481,0.3006025135938851,-0.0098823590274408
2025-10-22,GOOGL,254.3699951171875,256.3599853515625,249.2899932861328,251.69000244140625,251.69000244140625,35029400,0.0,0.0,0.2966077608265438,0.363948877777296,0.3394433680009477,-0.0428356071744038
2025-10-23,GOOGL,252.97999572753903,255.0399932861328,251.8500061035156,253.0800018310547,253.0800018310547,19901400,0.0,0.0,0.1617140987020154,0.4242981882469559,0.4139877189035443,-0.2522736202015287
2025-10-24,GOOGL,256.5799865722656,261.67999267578125,255.32000732421875,259.9200134277344,259.9200134277344,28655100,0.0,0.0,,,,
2025-10-27,GOOGL,264.82000732421875,270.1400146484375,264.2799987792969,269.2699890136719,269.2699890136719,35235200,0.0,0.0,,,,
2025-10-28,GOOGL,269.69000244140625,270.7300109863281,266.5,267.4700012207031,267.4700012207031,29738600,0.0,0.0,,,,
2025-10-29,GOOGL,267.75,275.3399963378906,267.6700134277344,274.57000732421875,274.57000732421875,43580300,0.0,0.0,,,,
2025-10-30,GOOGL,291.5899963378906,291.5899963378906,280.0599975585937,281.4800109863281,281.4800109863281,74876000,0.0,0.0,,,,
2025-10-31,GOOGL,283.2099914550781,286.0,277.0299987792969,281.19000244140625,281.19000244140625,39267900,0.0,0.0,,,,
2025-11-03,GOOGL,282.17999267578125,285.5299987792969,279.79998779296875,283.7200012207031,283.7200012207031,29786000,0.0,0.0,,,,
2025-11-04,GOOGL,276.75,281.2699890136719,276.260009765625,277.5400085449219,277.5400085449219,30078400,0.0,0.0,,,,
2025-11-05,GOOGL,278.8699951171875,286.4200134277344,277.3399963378906,284.3099975585937,284.3099975585937,31010300,0.0,0.0,0.231136098585051,0.4872882209070351,0.2815756710327189,-0.0504395724476679
2025-11-06,GOOGL,285.3299865722656,288.3500061035156,281.1400146484375,284.75,284.75,37173600,0.0,0.0,0.2702469117433318,0.4099636206848789,0.3197894687561885,-0.0495425570128566
2025-11-07,GOOGL,283.2099914550781,283.7799987792969,275.19000244140625,278.8299865722656,278.8299865722656,34479600,0.0,0.0,0.081393392099177,0.5004152790369356,0.4181913381771129,-0.3367979460779358
2025-11-10,GOOGL,284.4200134277344,290.79998779296875,282.8599853515625,290.1000061035156,290.1000061035156,29557300,0.0,0.0,,,,
2025-11-11,GOOGL,287.75,291.9200134277344,287.32000732421875,291.3099975585937,291.3099975585937,19842100,0.0,0.0,,,,
2025-11-12,GOOGL,291.67999267578125,292.010009765625,283.69000244140625,286.7099914550781,286.7099914550781,24829900,0.0,0.0,,,,
2025-11-13,GOOGL,282.3399963378906,282.8399963378906,277.239990234375,278.57000732421875,278.57000732421875,29494000,0.0,0.0,,,,
2025-11-14,GOOGL,271.4100036621094,278.5599975585937,270.70001220703125,276.4100036621094,276.4100036621094,31647200,0.0,0.0,,,,
2025-11-17,GOOGL,285.7799987792969,293.95001220703125,283.57000732421875,285.0199890136719,285.0199890136719,52670200,0.0,0.0,,,,
2025-11-18,GOOGL,287.9200134277344,288.79998779296875,278.20001220703125,284.2799987792969,284.2799987792969,49158700,0.0,0.0,0.3525125221412226,0.298301192409535,0.3491862869091532,0.0033262352320693
2025-11-19,GOOGL,287.1600036621094,303.8099975585937,286.6300048828125,292.8099975585937,292.8099975585937,68198900,0.0,0.0,0.2256098151275956,0.5011920997941935,0.273198097254391,-0.0475882821267953
2025-11-20,GOOGL,304.5400085449219,306.4200134277344,288.6700134277344,289.45001220703125,289.45001220703125,62025200,0.0,0.0,0.2029360891319811,0.4088410210688827,0.3882228915472744,-0.1852868024152932
2025-11-21,GOOGL,296.4200134277344,303.9200134277344,293.8500061035156,299.6600036621094,299.6600036621094,74137700,0.0,0.0,0.3714718605930868,0.3586291753515405,0.2698989480635837,0.101572912529503
2025-11-24,GOOGL,311.1300048828125,319.4800109863281,309.6000061035156,318.5799865722656,318.5799865722656,85165100,0.0,0.0,,,,
2025-11-25,GOOGL,326.2099914550781,328.8299865722656,317.6499938964844,323.44000244140625,323.44000244140625,88632100,0.0,0.0,,,,
2025-11-26,GOOGL,320.67999267578125,324.5,316.7900085449219,319.95001220703125,319.95001220703125,51373400,0.0,0.0,,,,
2025-11-28,GOOGL,323.3699951171875,326.8500061035156,316.7900085449219,320.17999267578125,320.17999267578125,26018600,0.0,0.0,0.3524498724511691,0.384122157715527,0.2634279615644897,0.0890219108866793
2025-12-01,GOOGL,317.70001220703125,319.8500061035156,313.8900146484375,314.8900146484375,314.8900146484375,41132300,0.0,0.0,0.239008983990061,0.3737469870538916,0.3872440349077806,-0.1482350509177195
2025-09-25,JPM,314.1199951171875,315.6499938964844,311.79998779296875,313.45001220703125,311.9334716796875,7083200,0.0,0.0,0.2815705405341254,0.3541595536387628,0.3642699099663231,-0.0826993694321976
2025-09-26,JPM,314.8999938964844,317.8099975585937,313.70001220703125,316.0599975585937,314.53082275390625,7258100,0.0,0.0,0.2028962976299226,0.314390617609024,0.4827130984514952,-0.2798168008215725
2025-09-29,JPM,317.0599975585937,318.010009765625,313.6600036621094,315.69000244140625,314.1626281738281,6462400,0.0,0.0,0.2006811816827393,0.3383814166299998,0.4609374194405972,-0.2602562377578579
2025-09-30,JPM,316.25,317.4100036621094,310.1099853515625,315.42999267578125,313.90386962890625,11823300,0.0,0.0,0.2494916380383074,0.4305687043815851,0.3199396419804543,-0.0704480039421469
2025-10-01,JPM,313.9700012207031,314.5899963378906,307.4100036621094,310.7099914550781,309.2066955566406,9235200,0.0,0.0,0.284610008288707,0.4180422320163676,0.2973477447937641,-0.0127377365050571
2025-10-02,JPM,310.0,310.5599975585937,306.1400146484375,307.54998779296875,306.0619812011719,7600000,0.0,0.0,0.551114186511508,0.1794635536415236,0.26942225944783,0.281691927063678
2025-10-03,JPM,308.510009765625,311.6600036621094,308.2099914550781,310.0299987792969,308.5299987792969,6029900,0.0,0.0,0.4846293250671946,0.3674734085798263,0.1478972595471601,0.3367320655200344
2025-10-06,JPM,310.17999267578125,311.75,305.1300048828125,309.17999267578125,309.17999267578125,7214500,1.5,0.0,0.1493391322770288,0.3231050188520125,0.5275558808020183,-0.3782167485249894
2025-10-07,JPM,309.3500061035156,310.010009765625,304.70001220703125,307.69000244140625,307.69000244140625,8454200,0.0,0.0,0.1088577312501993,0.569126926489513,0.322015347297896,-0.2131576160476966
2025-10-08,JPM,308.2099914550781,308.7799987792969,303.54998779296875,304.0299987792969,304.0299987792969,6489900,0.0,0.0,0.2145734560520698,0.5605293086005582,0.2248972145219643,-0.0103237584698945
2025-10-09,JPM,305.04998779296875,308.0400085449219,303.3900146484375,305.5299987792969,305.5299987792969,7060300,0.0,0.0,0.8885194957256317,0.0152394664473831,0.0962410485371946,0.792278447188437
2025-10-10,JPM,305.6600036621094,310.4700012207031,300.8099975585937,300.8900146484375,300.8900146484375,8597400,0.0,0.0,,,,
2025-10-13,JPM,305.6000061035156,309.4599914550781,305.45001220703125,307.9700012207031,307.9700012207031,10788700,0.0,0.0,0.1636244951058988,0.3831470333363698,0.4532284691281941,-0.2896039740222951
2025-10-14,JPM,305.8399963378906,307.0,294.2099914550781,302.0799865722656,302.0799865722656,16178800,0.0,0.0,0.3370661489146797,0.5130317114423253,0.1499021360061213,0.1871640129085583
2025-10-15,JPM,306.3900146484375,312.1199951171875,305.44000244140625,305.69000244140625,305.69000244140625,11354800,0.0,0.0,0.1802229657769203,0.541463056277922,0.278313964495764,-0.0980909987188437
2025-10-16,JPM,305.3500061035156,308.67999267578125,297.07000732421875,298.5400085449219,298.5400085449219,10549400,0.0,0.0,0.2228747806812245,0.4874870987128346,0.2896381215823273,-0.0667633409011027
2025-10-17,JPM,299.1600036621094,299.54998779296875,294.20001220703125,297.5599975585937,297.5599975585937,10153500,0.0,0.0,0.3128626102641705,0.4302981646370984,0.2568392213734407,0.0560233888907297
2025-10-20,JPM,298.5,303.69000244140625,298.1600036621094,302.3599853515625,302.3599853515625,6894900,0.0,0.0,0.1398250776653488,0.574052065052092,0.2861228452374537,-0.1462977675721049
2025-10-21,JPM,301.6600036621094,304.04998779296875,297.0,297.0899963378906,297.0899963378906,7372700,0.0,0.0,0.2873562632335556,0.3034033802234464,0.4092403536455499,-0.1218840904119941
2025-10-22,JPM,297.7699890136719,298.0599975585937,290.5400085449219,294.1099853515625,294.1099853515625,8054100,0.0,0.0,0.2142971610384327,0.4453399694258613,0.340362881177238,-0.1260657201388052
2025-10-23,JPM,294.3800048828125,296.3699951171875,292.510009765625,294.5400085449219,294.5400085449219,5438800,0.0,0.0,0.2555292584002017,0.4994789659089985,0.2449917654019026,0.0105374929982991
2025-10-24,JPM,296.0799865722656,302.6000061035156,295.45001220703125,300.44000244140625,300.44000244140625,7228300,0.0,0.0,0.2442699526727665,0.3609311984619126,0.3947988635627553,-0.1505289108899887
2025-10-27,JPM,302.1600036621094,304.5299987792969,301.010009765625,304.1499938964844,304.1499938964844,5642200,0.0,0.0,0.1097750137560069,0.3500671379268169,0.5401578783988953,-0.4303828646428883
2025-10-28,JPM,304.8599853515625,307.9700012207031,303.1600036621094,305.3599853515625,305.3599853515625,6336000,0.0,0.0,,,,
2025-10-29,JPM,303.510009765625,308.25,303.010009765625,305.510009765625,305.510009765625,7520300,0.0,0.0,,,,
2025-10-30,JPM,305.7900085449219,312.6099853515625,305.1000061035156,309.44000244140625,309.44000244140625,7514600,0.0,0.0,0.2349125202745199,0.5499115678378277,0.215175903091828,0.0197366171826919
2025-10-31,JPM,308.5400085449219,312.8699951171875,307.25,311.1199951171875,311.1199951171875,7721300,0.0,0.0,0.3244277915606895,0.4780792464605636,0.1974929699467287,0.1269348216139608
2025-11-03,JPM,311.0,312.32000732421875,306.2099914550781,309.3500061035156,309.3500061035156,7770000,0.0,0.0,,,,
2025-11-04,JPM,306.7099914550781,312.2200012207031,305.1000061035156,309.25,309.25,7085200,0.0,0.0,,,,
2025-11-05,JPM,309.6099853515625,313.1000061035156,305.6300048828125,311.67999267578125,311.67999267578125,6865200,0.0,0.0,0.3786338113248347,0.3489601529203355,0.2724060282111167,0.106227783113718
2025-11-06,JPM,310.989990234375,314.8399963378906,310.260009765625,313.4200134277344,313.4200134277344,7206100,0.0,0.0,,,,
2025-11-07,JPM,311.8900146484375,314.42999267578125,307.6400146484375,314.2099914550781,314.2099914550781,7302300,0.0,0.0,0.4922542050480842,0.3251552886795252,0.1825904846191405,0.3096637204289436
2025-11-10,JPM,315.0,319.5599975585937,314.2099914550781,316.8900146484375,316.8900146484375,5794100,0.0,0.0,0.3522493259182998,0.2198297123291662,0.4279209221048014,-0.0756715961865016
2025-11-11,JPM,317.5,319.04998779296875,315.2799987792969,315.6199951171875,315.6199951171875,5030200,0.0,0.0,0.0953068633309819,0.506147104484791,0.3985460119491273,-0.3032391486181454
2025-11-12,JPM,316.260009765625,322.25,316.2099914550781,320.4100036621094,320.4100036621094,10578300,0.0,0.0,0.0838689037963099,0.5809304064706616,0.3352006845500158,-0.2513317807537057
2025-11-13,JPM,319.2300109863281,320.6300048828125,309.1000061035156,309.4800109863281,309.4800109863281,8973300,0.0,0.0,0.3003629665555697,0.5121291034987995,0.1875079058642897,0.11285506069128
2025-11-14,JPM,307.510009765625,307.6400146484375,301.2300109863281,303.6099853515625,303.6099853515625,10327000,0.0,0.0,0.3052933566796127,0.3365639151306822,0.358142736251466,-0.0528493795718532
2025-11-17,JPM,304.0,305.5899963378906,297.6700134277344,300.3699951171875,300.3699951171875,8344000,0.0,0.0,0.2816342028478781,0.2976994646920097,0.4206663341157966,-0.1390321312679184
2025-11-18,JPM,299.5,302.95001220703125,297.0199890136719,299.4100036621094,299.4100036621094,8077300,0.0,0.0,0.2878753586805292,0.3147747789376548,0.3973498520042214,-0.1094744933236922
2025-11-19,JPM,299.739990234375,304.45001220703125,299.2699890136719,303.2699890136719,303.2699890136719,5546600,0.0,0.0,0.1542497305199503,0.5252433522338313,0.3205069040081331,-0.1662571734881826
2025-11-20,JPM,306.3399963378906,309.9200134277344,298.1600036621094,298.3800048828125,298.3800048828125,7501600,0.0,0.0,0.6570686990661281,0.2775208616097058,0.0654104261526039,0.5916582729135241
2025-11-21,JPM,301.2900085449219,301.67999267578125,292.8099975585937,298.0199890136719,298.0199890136719,11766800,0.0,0.0,0.0301005654036998,0.2216069232672453,0.7482925355434418,-0.7181919701397419
2025-11-24,JPM,298.239990234375,299.82000732421875,294.510009765625,298.0,298.0,10940200,0.0,0.0,0.5509857447817922,0.2100052509767313,0.2390089907993872,0.3119767539824049
2025-11-25,JPM,300.04998779296875,304.5,295.5599975585937,303.0,303.0,8877200,0.0,0.0,0.5056148787132568,0.3468364247431357,0.1475487051324711,0.3580661735807856
2025-11-26,JPM,305.0,308.5299987792969,303.20001220703125,307.6400146484375,307.6400146484375,7910900,0.0,0.0,0.0177351366728543,0.6909155994653702,0.2913492769002914,-0.2736141402274369
2025-11-28,JPM,309.1000061035156,313.7200012207031,308.239990234375,313.0799865722656,313.0799865722656,4322400,0.0,0.0,,,,
2025-12-01,JPM,312.95001220703125,314.0400085449219,308.5400085449219,308.9200134277344,308.9200134277344,7722300,0.0,0.0,,,,
2025-09-25,META,753.4500122070312,756.77001953125,744.5499877929688,748.9099731445312,748.9099731445312,10591100,0.0,0.0,0.3735243810928965,0.238645597557096,0.3878300278202483,-0.0143056467273517
2025-09-26,META,750.0,751.9299926757812,737.3499755859375,743.75,743.75,9696300,0.0,0.0,0.1664185344552,0.4532629259551565,0.380318529655536,-0.2138999952003359
2025-09-29,META,748.719970703125,750.780029296875,739.1500244140625,743.4000244140625,743.4000244140625,9246800,0.0,0.0,0.4294350188310173,0.2471379241482777,0.323427042839202,0.1060079759918153
2025-09-30,META,742.25,742.969970703125,726.2999877929688,734.3800048828125,734.3800048828125,16226800,0.0,0.0,0.1734257239440921,0.4949639491484656,0.3316103309625759,-0.1581846070184837
2025-10-01,META,721.489990234375,721.8499755859375,710.2000122070312,717.3400268554688,717.3400268554688,20419600,0.0,0.0,0.1611289411742725,0.4681888942546008,0.3706821598031599,-0.2095532186288872
2025-10-02,META,722.5800170898438,727.77001953125,718.1400146484375,727.0499877929688,727.0499877929688,11415300,0.0,0.0,0.16072216031521,0.5389560586600392,0.3003217694522054,-0.1395996091369953
2025-10-03,META,729.6300048828125,731.0,710.1799926757812,710.5599975585938,710.5599975585938,16154300,0.0,0.0,0.2111422453107761,0.4236925341799084,0.3651652260972508,-0.1540229807864746
2025-10-06,META,705.1900024414062,716.8800048828125,690.510009765625,715.6599731445312,715.6599731445312,21654700,0.0,0.0,0.0826726261088076,0.5133041306946646,0.4040232331437223,-0.3213506070349146
2025-10-07,META,717.719970703125,718.5,705.75,713.0800170898438,713.0800170898438,12062900,0.0,0.0,0.1553788357659389,0.3446357711953551,0.4999854020578296,-0.3446065662918906
2025-10-08,META,713.4500122070312,719.6500244140625,707.8099975585938,717.8400268554688,717.8400268554688,10790600,0.0,0.0,0.25522868644054,0.4849765945323988,0.2597947175565518,-0.0045660311160118
2025-10-09,META,718.280029296875,733.510009765625,712.4400024414062,733.510009765625,733.510009765625,12717200,0.0,0.0,0.4451758614133881,0.3545209990368913,0.2003031330507086,0.2448727283626794
2025-10-10,META,730.9199829101562,735.27001953125,704.510009765625,705.2999877929688,705.2999877929688,16980100,0.0,0.0,0.344755881027702,0.3401730028802857,0.3150710994925569,0.0296847815351451
2025-10-13,META,713.010009765625,719.9400024414062,707.6400146484375,715.7000122070312,715.7000122070312,9251800,0.0,0.0,0.1413910683134898,0.4652978110620203,0.3933111180496565,-0.2519200497361667
2025-10-14,META,707.780029296875,715.5499877929688,699.3300170898438,708.6500244140625,708.6500244140625,8829800,0.0,0.0,0.2513309393755414,0.5204671503637325,0.2282019056041132,0.0231290337714282
2025-10-15,META,717.0599975585938,723.9000244140625,709.510009765625,717.5499877929688,717.5499877929688,10246800,0.0,0.0,0.1632192178429769,0.3965655197056809,0.4402152530050703,-0.2769960351620933
2025-10-16,META,717.5499877929688,725.489990234375,703.8800048828125,712.0700073242188,712.0700073242188,9017000,0.0,0.0,0.3992347745224833,0.3874491379223764,0.2133160892874002,0.1859186852350831
2025-10-17,META,707.0800170898438,718.5399780273438,706.1199951171875,716.9199829101562,716.9199829101562,12232400,0.0,0.0,0.1824433556757867,0.5190270724706352,0.298529550731182,-0.1160861950553953
2025-10-20,META,721.1900024414062,733.77001953125,720.1799926757812,732.1699829101562,732.1699829101562,8900200,0.0,0.0,0.3325159225612878,0.40654368425409,0.2609404042363166,0.0715755183249712
2025-10-21,META,736.02001953125,738.5,728.75,733.27001953125,733.27001953125,7647300,0.0,0.0,0.1779989460483193,0.5331409334825973,0.2888601126770178,-0.1108611666286985
2025-10-22,META,733.8300170898438,740.5999755859375,724.030029296875,733.4099731445312,733.4099731445312,8734500,0.0,0.0,0.2998503987004773,0.3513923535744349,0.3487572444395886,-0.0489068457391112
2025-10-23,META,734.7000122070312,742.4099731445312,733.0999755859375,734.0,734.0,9856000,0.0,0.0,0.2996292811862769,0.3476390409771175,0.3527316796992505,-0.0531023985129736
2025-10-24,META,736.7899780273438,741.2100219726562,731.1500244140625,738.3599853515625,738.3599853515625,9151300,0.0,0.0,,,,
2025-10-27,META,749.72998046875,755.75,748.010009765625,750.8200073242188,750.8200073242188,11321100,0.0,0.0,,,,
2025-10-28,META,752.6300048828125,758.4000244140625,745.52001953125,751.4400024414062,751.4400024414062,12193800,0.0,0.0,,,,
2025-10-29,META,754.75,759.1599731445312,742.510009765625,751.6699829101562,751.6699829101562,26818600,0.0,0.0,0.4178972655688138,0.3155323498444083,0.2665703934343422,0.1513268721344716
2025-10-30,META,669.1500244140625,680.9600219726562,650.1699829101562,666.469970703125,666.469970703125,88440100,0.0,0.0,0.4482049195862868,0.342916105476701,0.2088789766216102,0.2393259429646765
2025-10-31,META,674.510009765625,674.8900146484375,645.5700073242188,648.3499755859375,648.3499755859375,56953200,0.0,0.0,0.4632146091510852,0.457268800586462,0.0795165958503881,0.383698013300697
2025-11-03,META,656.0,659.3300170898438,636.1799926757812,637.7100219726562,637.7100219726562,33003600,0.0,0.0,0.2980877241643611,0.4479572488344274,0.2539550230721942,0.0441327010921668
2025-11-04,META,628.0399780273438,641.739990234375,626.010009765625,627.3200073242188,627.3200073242188,27356600,0.0,0.0,0.3112840069280493,0.4818508200613515,0.2068651786872318,0.1044188282408175
2025-11-05,META,632.3099975585938,642.22998046875,626.5399780273438,635.9500122070312,635.9500122070312,20219900,0.0,0.0,0.3177897863622222,0.4005056796262839,0.2817045278581125,0.0360852585041097
2025-11-06,META,635.8499755859375,636.0,618.0,618.9400024414062,618.9400024414062,23628800,0.0,0.0,0.3750251603445836,0.2526303970787141,0.3723444431088865,0.0026807172356971
2025-11-07,META,616.489990234375,622.1300048828125,601.2000122070312,621.7100219726562,621.7100219726562,29946800,0.0,0.0,,,,
2025-11-10,META,631.0900268554688,635.0,618.1099853515625,631.760009765625,631.760009765625,19245000,0.0,0.0,,,,
2025-11-11,META,628.0,629.5599975585938,619.3900146484375,627.0800170898438,627.0800170898438,13302200,0.0,0.0,,,,
2025-11-12,META,628.1300048828125,628.989990234375,607.77001953125,609.010009765625,609.010009765625,24493300,0.0,0.0,,,,
2025-11-13,META,613.0700073242188,617.6500244140625,603.0,609.8900146484375,609.8900146484375,20973800,0.0,0.0,,,,
2025-11-14,META,601.7899780273438,613.6799926757812,595.2000122070312,609.4600219726562,609.4600219726562,20724100,0.0,0.0,,,,
2025-11-17,META,609.0399780273438,611.6900024414062,595.4000244140625,602.010009765625,602.010009765625,16501300,0.0,0.0,0.1947178932554695,0.3303168375530969,0.4749652687460184,-0.2802473754905488
2025-11-18,META,591.5999755859375,603.6599731445312,583.780029296875,597.6900024414062,597.6900024414062,25500600,0.0,0.0,0.5030099427482734,0.1951605544558592,0.3018295124527953,0.201180430295478
2025-11-19,META,593.719970703125,595.3300170898438,581.25,590.3200073242188,590.3200073242188,24744700,0.0,0.0,0.3730717815665735,0.3478321191958254,0.2790961068951421,0.0939756746714313
2025-11-20,META,603.5,606.719970703125,583.3499755859375,589.1500244140625,589.1500244140625,20603000,0.0,0.0,0.3094746766878025,0.2678514276764222,0.4226738783930029,-0.1131992017052003
2025-11-21,META,588.5,598.1199951171875,581.8599853515625,594.25,594.25,21052600,0.0,0.0,0.411205520439479,0.2506323511091371,0.3381621179481346,0.0730434024913443
2025-11-24,META,598.719970703125,616.7000122070312,597.6300048828125,613.0499877929688,613.0499877929688,23554900,0.0,0.0,,,,
2025-11-25,META,624.0,637.0499877929688,618.2999877929688,636.219970703125,636.219970703125,25213000,0.0,0.0,,,,
2025-11-26,META,637.6900024414062,638.3599853515625,631.6300048828125,633.6099853515625,633.6099853515625,15209500,0.0,0.0,0.2061253486711892,0.5103274761518884,0.2835471863828359,-0.0774218377116466
2025-11-28,META,636.0800170898438,648.0499877929688,635.5,647.9500122070312,647.9500122070312,11033200,0.0,0.0,0.2725843375956173,0.4151467872434295,0.3122688697185367,-0.0396845321229193
2025-12-01,META,639.5499877929688,645.3200073242188,637.760009765625,640.8699951171875,640.8699951171875,13014000,0.0,0.0,,,,
2025-09-25,MSFT,508.2999877929688,510.010009765625,505.0400085449219,507.0299987792969,506.0827941894531,15786500,0.0,0.0,0.0108207929879426,0.1472695171833038,0.8419097065925598,-0.8310889136046171
2025-09-26,MSFT,510.05999755859375,513.9400024414062,506.6199951171875,511.4599914550781,510.5045166015625,16213100,0.0,0.0,0.2423982649989839,0.425185811240226,0.3324159226483768,-0.0900176576493928
2025-09-29,MSFT,511.5,516.8499755859375,508.8800048828125,514.5999755859375,513.6386108398438,17617800,0.0,0.0,0.2710354153969092,0.3917005496623459,0.3372640401939861,-0.0662286247970769
2025-09-30,MSFT,513.239990234375,518.1599731445312,509.6600036621094,517.9500122070312,516.982421875,19728200,0.0,0.0,0.1552488208945953,0.5488888662110901,0.2958623074898213,-0.140613486595226
2025-10-01,MSFT,514.7999877929688,520.510009765625,511.6900024414063,519.7100219726562,518.7391357421875,22632300,0.0,0.0,0.2690786353346925,0.3956077621766814,0.3353136047306988,-0.0662349693960061
2025-10-02,MSFT,517.6400146484375,521.5999755859375,510.6799926757813,515.739990234375,514.7765502929688,21222900,0.0,0.0,0.1868170173979844,0.465354701024339,0.3478282918081139,-0.1610112744101294
2025-10-03,MSFT,517.0999755859375,520.489990234375,515.0,517.3499755859375,516.3834838867188,15112300,0.0,0.0,0.2988198476377874,0.4351028792880242,0.2660772757953963,0.032742571842391
2025-10-06,MSFT,518.6099853515625,531.030029296875,518.2000122070312,528.5700073242188,527.5825805664062,21388600,0.0,0.0,0.1848004903710845,0.5284577102200794,0.286741797812283,-0.1019413074411984
2025-10-07,MSFT,528.2899780273438,529.7999877929688,521.4400024414062,523.97998046875,523.0010986328125,14615200,0.0,0.0,0.1020814562537546,0.4651557634873637,0.4327627726477281,-0.3306813163939735
2025-10-08,MSFT,523.280029296875,526.9500122070312,523.0900268554688,524.8499755859375,523.8695068359375,13363400,0.0,0.0,0.1835876478375319,0.4765657795428791,0.3398465814945452,-0.1562589336570133
2025-10-09,MSFT,522.3400268554688,524.3300170898438,517.4000244140625,522.4000244140625,521.4241333007812,18343600,0.0,0.0,0.3990661956486292,0.257357633934589,0.3435761814471334,0.0554900142014958
2025-10-10,MSFT,519.6400146484375,523.5800170898438,509.6300048828125,510.9599914550781,510.0054626464844,24133800,0.0,0.0,0.2278437565460249,0.3747224197378037,0.3974338238713918,-0.1695900673253668
2025-10-13,MSFT,516.4099731445312,516.4099731445312,511.6799926757813,514.0499877929688,513.0896606445312,14284200,0.0,0.0,0.1848903039677275,0.5160906617788391,0.2990190217064486,-0.1141287177387211
2025-10-14,MSFT,510.2300109863281,515.280029296875,506.0,513.5700073242188,512.610595703125,14684300,0.0,0.0,0.2768888342238607,0.4342154996203525,0.2888956728080908,-0.01200683858423
2025-10-15,MSFT,514.9600219726562,517.1900024414062,510.0,513.4299926757812,512.4708251953125,14694700,0.0,0.0,0.0977847110771108,0.644763948143615,0.2574513414874672,-0.1596666304103564
2025-10-16,MSFT,512.5800170898438,516.8499755859375,508.1300048828125,511.6099853515625,510.65423583984375,15559600,0.0,0.0,0.2577101669856346,0.4479767966200597,0.2943130429834127,-0.036602875997778
2025-10-17,MSFT,509.0400085449219,515.47998046875,507.30999755859375,513.5800170898438,512.62060546875,19867800,0.0,0.0,0.2537762608113033,0.4632519644285951,0.2829717714605587,-0.0291955106492553
2025-10-20,MSFT,514.6099853515625,518.7000122070312,513.4299926757812,516.7899780273438,515.8245239257812,14665600,0.0,0.0,0.2351616320298298,0.5038687009854537,0.2609696645093591,-0.0258080324795293
2025-10-21,MSFT,517.5,518.6900024414062,513.0399780273438,517.6599731445312,516.6929321289062,15586200,0.0,0.0,0.1902281537962456,0.4446043005316621,0.3651675497768102,-0.1749393959805645
2025-10-22,MSFT,521.1500244140625,525.22998046875,517.7100219726562,520.5399780273438,519.5675659179688,18962700,0.0,0.0,0.2644830048920061,0.4106564290630511,0.3248605664628438,-0.0603775615708376
2025-10-23,MSFT,522.4600219726562,523.9500122070312,518.6099853515625,520.5599975585938,519.5875244140625,14023500,0.0,0.0,0.2499183684300917,0.3593184032644599,0.3907632365440711,-0.1408448681139792
2025-10-24,MSFT,522.7899780273438,525.3499755859375,520.7100219726562,523.6099853515625,522.6318359375,15532400,0.0,0.0,,,,
2025-10-27,MSFT,531.780029296875,534.5800170898438,529.010009765625,531.52001953125,530.527099609375,18734700,0.0,0.0,,,,
2025-10-28,MSFT,550.0,553.719970703125,540.77001953125,542.0700073242188,541.057373046875,29986700,0.0,0.0,,,,
2025-10-29,MSFT,544.9400024414062,546.27001953125,536.72998046875,541.5499877929688,540.538330078125,36023000,0.0,0.0,,,,
2025-10-30,MSFT,530.47998046875,534.969970703125,522.1199951171875,525.760009765625,524.77783203125,41023100,0.0,0.0,,,,
2025-10-31,MSFT,528.8800048828125,529.3200073242188,515.0999755859375,517.8099975585938,516.8426513671875,34006400,0.0,0.0,,,,
2025-11-03,MSFT,519.8099975585938,524.9600219726562,514.5900268554688,517.030029296875,516.0641479492188,22374700,0.0,0.0,,,,
2025-11-04,MSFT,511.760009765625,515.5499877929688,507.8399963378906,514.3300170898438,513.3692016601562,20958700,0.0,0.0,,,,
2025-11-05,MSFT,513.2999877929688,514.8300170898438,506.5799865722656,507.1600036621094,506.2125549316406,23024300,0.0,0.0,0.2795887715183198,0.3757821560892112,0.3446290688041378,-0.0650402972858179
2025-11-06,MSFT,505.6600036621094,505.7000122070313,495.80999755859375,497.1000061035156,496.1713562011719,27406500,0.0,0.0,0.3875025744373734,0.3709770732911656,0.2415203482315346,0.1459822262058387
2025-11-07,MSFT,496.9500122070313,499.3800048828125,493.25,496.8200073242188,495.8918762207031,24019800,0.0,0.0,0.2420784032848828,0.4358215587323202,0.3221000406671973,-0.0800216373823144
2025-11-10,MSFT,500.0400085449219,506.8500061035156,498.7999877929688,506.0,505.0547180175781,26101500,0.0,0.0,,,,
2025-11-11,MSFT,504.7999877929688,509.6000061035156,502.3500061035156,508.6799926757813,507.7297058105469,17980000,0.0,0.0,,,,
2025-11-12,MSFT,509.3599853515625,511.6700134277344,499.1199951171875,511.1400146484375,510.1851501464844,26574900,0.0,0.0,,,,
2025-11-13,MSFT,510.30999755859375,513.5,501.2900085449219,503.2900085449219,502.3497924804688,25273100,0.0,0.0,,,,
2025-11-14,MSFT,498.2300109863281,511.6000061035156,497.4400024414063,510.1799926757813,509.2268981933594,28505700,0.0,0.0,,,,
2025-11-17,MSFT,508.4500122070313,512.1199951171875,504.9100036621094,507.489990234375,506.54193115234375,19092800,0.0,0.0,,,,
2025-11-18,MSFT,495.3699951171875,502.9800109863281,486.7799987792969,493.7900085449219,492.8675537109375,33815100,0.0,0.0,0.2967033049690403,0.3762298711043383,0.3270668317696877,-0.0303635268006473
2025-11-19,MSFT,490.1000061035156,495.1900024414063,482.8299865722656,487.1199951171875,486.2099914550781,23245300,0.0,0.0,0.2131529571178058,0.5030001261271536,0.2838469321218629,-0.070693975004057
2025-11-20,MSFT,492.7099914550781,493.5700073242188,475.5,478.4299926757813,478.4299926757813,26802500,0.91,0.0,0.3034304107868057,0.3906263648395371,0.3059432213468586,-0.0025128105600528
2025-11-21,MSFT,478.5,478.9200134277344,468.2699890136719,472.1199951171875,472.1199951171875,31769200,0.0,0.0,0.2619930436339927,0.4797547143098199,0.2582522449665702,0.0037407986674225
2025-11-24,MSFT,475.0,476.8999938964844,468.0199890136719,474.0,474.0,34421000,0.0,0.0,,,,
2025-11-25,MSFT,474.0700073242188,479.1499938964844,464.8900146484375,476.989990234375,476.989990234375,28019800,0.0,0.0,0.2766320543014444,0.4267058923433068,0.2966620346996933,-0.0200299803982488
2025-11-26,MSFT,486.30999755859375,488.30999755859375,481.2000122070313,485.5,485.5,25709100,0.0,0.0,0.2495818090974353,0.3164976469561225,0.4339205317664891,-0.1843387226690538
2025-11-28,MSFT,487.6000061035156,492.6300048828125,486.6499938964844,492.010009765625,492.010009765625,14386700,0.0,0.0,0.4857544181868434,0.3103147585337099,0.2039308174464263,0.281823600740417
2025-12-01,MSFT,488.4400024414063,489.8599853515625,484.6499938964844,486.739990234375,486.739990234375,23944100,0.0,0.0,0.2594292242429218,0.4333357927680481,0.3072349852882325,-0.0478057610453106
2025-09-25,NVDA,174.47999572753906,180.25999450683597,173.1300048828125,177.69000244140625,177.69000244140625,191586700,0.0,0.0,,,,
2025-09-26,NVDA,178.1699981689453,179.77000427246094,174.92999267578125,178.19000244140625,178.19000244140625,148573700,0.0,0.0,0.4855399455409496,0.2893206253647803,0.2251394158229231,0.2604005297180265
2025-09-29,NVDA,180.42999267578125,184.0,180.32000732421875,181.8500061035156,181.8500061035156,193063500,0.0,0.0,0.1976351091638207,0.568551444564946,0.2338134517272313,-0.0361783425634106
2025-09-30,NVDA,182.0800018310547,187.3500061035156,181.47999572753903,186.5800018310547,186.5800018310547,236981000,0.0,0.0,0.2180774145632643,0.5638119260706431,0.2181106640068305,-3.324944356623712e-05
2025-10-01,NVDA,185.2400054931641,188.13999938964844,183.8999938964844,187.2400054931641,187.2400054931641,173844900,0.0,0.0,0.271201176809207,0.4665654168929904,0.2622334048031798,0.0089677720060271
2025-10-02,NVDA,189.6000061035156,191.0500030517578,188.05999755859372,188.88999938964844,188.88999938964844,136805800,0.0,0.0,0.1871202522324341,0.5477238820061426,0.265155864046943,-0.0780356118145088
2025-10-03,NVDA,189.19000244140625,190.3600006103516,185.3800048828125,187.6199951171875,187.6199951171875,137596900,0.0,0.0,0.2581553622536982,0.4674941798309899,0.2743504699060899,-0.0161951076523918
2025-10-06,NVDA,185.5,187.22999572753903,183.3300018310547,185.5399932861328,185.5399932861328,157678100,0.0,0.0,0.1986072497545844,0.5700477370474901,0.2313450185789002,-0.0327377688243157
2025-10-07,NVDA,186.22999572753903,189.05999755859372,184.0,185.0399932861328,185.0399932861328,140088000,0.0,0.0,0.2772256523174674,0.4793866234913207,0.2433877227370414,0.033837929580426
2025-10-08,NVDA,186.57000732421875,189.6000061035156,186.5399932861328,189.1100006103516,189.1100006103516,130168900,0.0,0.0,0.2206583722512626,0.4911938084072424,0.2881478223660327,-0.0674894501147701
2025-10-09,NVDA,192.22999572753903,195.3000030517578,191.05999755859372,192.57000732421875,192.57000732421875,182997200,0.0,0.0,0.1690700601320713,0.5680868828536144,0.2628430584445595,-0.0937729983124881
2025-10-10,NVDA,193.50999450683597,195.6199951171875,182.0500030517578,183.16000366210935,183.16000366210935,268774400,0.0,0.0,,,,
2025-10-13,NVDA,187.97000122070312,190.1100006103516,185.9600067138672,188.32000732421875,188.32000732421875,153482800,0.0,0.0,0.1907339822500943,0.5149280869401991,0.2943379162251949,-0.1036039339751004
2025-10-14,NVDA,184.7700042724609,184.8000030517578,179.6999969482422,180.02999877929688,180.02999877929688,205641400,0.0,0.0,0.2741890226898248,0.5233913665288128,0.2024196129408664,0.0717694097489584
2025-10-15,NVDA,184.8000030517578,184.8699951171875,177.2899932861328,179.8300018310547,179.8300018310547,214450500,0.0,0.0,0.1156536898984364,0.5919504808927221,0.2923958324162023,-0.1767421425177658
2025-10-16,NVDA,182.22999572753903,183.27999877929688,179.77000427246094,181.80999755859372,181.80999755859372,179723300,0.0,0.0,0.1429044475631886,0.556221296741186,0.3008742524605048,-0.1579698048973161
2025-10-17,NVDA,180.17999267578125,184.1000061035156,179.75,183.22000122070312,183.22000122070312,173135200,0.0,0.0,0.485345843144589,0.3381832651793957,0.1764709014031621,0.3088749417414267
2025-10-20,NVDA,183.1300048828125,185.1999969482422,181.72999572753903,182.63999938964844,182.63999938964844,128544700,0.0,0.0,0.1567416984551385,0.5603817287540319,0.2828765636054324,-0.1261348651502938
2025-10-21,NVDA,182.7899932861328,182.7899932861328,179.8000030517578,181.16000366210935,181.16000366210935,124240200,0.0,0.0,0.1013545974141411,0.5588180463548684,0.3398273587880427,-0.2384727613739015
2025-10-22,NVDA,181.13999938964844,183.44000244140625,176.75999450683594,180.27999877929688,180.27999877929688,162249600,0.0,0.0,0.2397897172217758,0.4533353423914657,0.3068749363928173,-0.0670852191710414
2025-10-23,NVDA,180.4199981689453,183.02999877929688,179.7899932861328,182.16000366210935,182.16000366210935,111363700,0.0,0.0,0.2840326506199992,0.4168716361322863,0.2990957093001766,-0.0150630586801774
2025-10-24,NVDA,183.83999633789065,187.47000122070312,183.5,186.25999450683597,186.25999450683597,131296700,0.0,0.0,,,,
2025-10-27,NVDA,189.9900054931641,192.0,188.42999267578125,191.4900054931641,191.4900054931641,153452700,0.0,0.0,,,,
2025-10-28,NVDA,193.0500030517578,203.1499938964844,191.91000366210935,201.02999877929688,201.02999877929688,297986200,0.0,0.0,,,,
2025-10-29,NVDA,207.97999572753903,212.19000244140625,204.77999877929688,207.0399932861328,207.0399932861328,308829600,0.0,0.0,,,,
2025-10-30,NVDA,205.1499938964844,206.16000366210935,201.41000366210935,202.88999938964844,202.88999938964844,178864400,0.0,0.0,,,,
2025-10-31,NVDA,206.4499969482422,207.97000122070312,202.07000732421875,202.4900054931641,202.4900054931641,179802200,0.0,0.0,,,,
2025-11-03,NVDA,208.0800018310547,211.33999633789065,205.55999755859372,206.8800048828125,206.8800048828125,180267300,0.0,0.0,,,,
2025-11-04,NVDA,203.0,203.97000122070312,197.92999267578125,198.69000244140625,198.69000244140625,188919300,0.0,0.0,,,,
2025-11-05,NVDA,198.7700042724609,202.9199981689453,194.6499938964844,195.2100067138672,195.2100067138672,171350300,0.0,0.0,,,,
2025-11-06,NVDA,196.4199981689453,197.6199951171875,186.3800048828125,188.0800018310547,188.0800018310547,223029800,0.0,0.0,0.4050123746294463,0.2844595715174811,0.310528059342974,0.0944843152864721
2025-11-07,NVDA,184.8999938964844,188.32000732421875,178.91000366210938,188.1499938964844,188.1499938964844,264942300,0.0,0.0,0.3505862494280864,0.28546401448981,0.3639497387894364,-0.0133634893613499
2025-11-10,NVDA,195.1100006103516,199.94000244140625,193.7899932861328,199.0500030517578,199.0500030517578,198897100,0.0,0.0,,,,
2025-11-11,NVDA,195.16000366210935,195.4199981689453,191.3000030517578,193.16000366210935,193.16000366210935,176483300,0.0,0.0,,,,
2025-11-12,NVDA,195.72000122070312,195.88999938964844,191.1300048828125,193.8000030517578,193.8000030517578,154935300,0.0,0.0,,,,
2025-11-13,NVDA,191.0500030517578,191.44000244140625,183.8500061035156,186.8600006103516,186.8600006103516,207423100,0.0,0.0,,,,
2025-11-14,NVDA,182.8600006103516,191.00999450683597,180.5800018310547,190.1699981689453,190.1699981689453,186591900,0.0,0.0,,,,
2025-11-17,NVDA,185.97000122070312,189.0,184.32000732421875,186.6000061035156,186.6000061035156,173628900,0.0,0.0,,,,
2025-11-18,NVDA,183.3800048828125,184.8000030517578,179.64999389648438,181.3600006103516,181.3600006103516,213598900,0.0,0.0,,,,
2025-11-19,NVDA,184.7899932861328,187.8600006103516,182.8300018310547,186.5200042724609,186.5200042724609,247246400,0.0,0.0,0.2997376160000008,0.441336276879854,0.2589261129479667,0.0408115030520341
2025-11-20,NVDA,195.9499969482422,196.0,179.85000610351562,180.63999938964844,180.63999938964844,343504800,0.0,0.0,,,,
2025-11-21,NVDA,181.2400054931641,184.55999755859372,172.92999267578125,178.8800048828125,178.8800048828125,346926200,0.0,0.0,0.3849916686676443,0.387318924376741,0.227689406890422,0.1573022617772221
2025-11-24,NVDA,179.49000549316406,183.5,176.47999572753906,182.5500030517578,182.5500030517578,256618300,0.0,0.0,,,,
2025-11-25,NVDA,174.91000366210938,178.16000366210938,169.5500030517578,177.82000732421875,177.82000732421875,320600300,0.0,0.0,,,,
2025-11-26,NVDA,181.6300048828125,182.91000366210935,178.24000549316406,180.25999450683597,180.25999450683597,183852000,0.0,0.0,,,,
2025-11-28,NVDA,179.00999450683594,179.2899932861328,176.5,177.0,177.0,121332800,0.0,0.0,0.2850941429620213,0.422474961036421,0.2924309004041732,-0.0073367574421519
2025-12-01,NVDA,174.75999450683594,180.3000030517578,173.67999267578125,179.9199981689453,179.9199981689453,187764500,0.0,0.0,0.1990428311157632,0.4837542083368382,0.3172029807824979,-0.1181601496667347
2025-09-25,TSLA,435.239990234375,435.3500061035156,419.0799865722656,423.3900146484375,423.3900146484375,96746400,0.0,0.0,,,,
2025-09-26,TSLA,428.2999877929688,440.4700012207031,421.0199890136719,440.3999938964844,440.3999938964844,101628200,0.0,0.0,0.2072951002046465,0.5418256945309362,0.2508792035680796,-0.043584103363433
2025-09-29,TSLA,444.3500061035156,450.9800109863281,439.5,443.2099914550781,443.2099914550781,79491500,0.0,0.0,0.2381358468351331,0.5492517747916281,0.2126123776810394,0.0255234691540937
2025-09-30,TSLA,441.5199890136719,445.0,433.1199951171875,444.7200012207031,444.7200012207031,74358000,0.0,0.0,0.2439527124952291,0.4542670852679293,0.3017802120302803,-0.0578274995350511
2025-10-01,TSLA,443.7999877929688,462.2900085449219,440.75,459.4599914550781,459.4599914550781,98122300,0.0,0.0,0.3571332507839827,0.4396290614488808,0.2032376782347758,0.153895572549207
2025-10-02,TSLA,470.5400085449219,470.75,435.5700073242188,436.0,436.0,137009000,0.0,0.0,0.3225310710309397,0.4510322917839917,0.2264366385567447,0.096094432474195
2025-10-03,TSLA,443.2900085449219,446.7699890136719,416.5799865722656,429.8299865722656,429.8299865722656,133188200,0.0,0.0,0.3277353917793283,0.4643315787356838,0.2079330303899521,0.1198023613893761
2025-10-06,TSLA,440.75,453.5499877929688,436.6900024414063,453.25,453.25,85324900,0.0,0.0,0.1998418340403021,0.4891932656367619,0.3109648994762788,-0.1111230654359766
2025-10-07,TSLA,447.8200073242188,452.6799926757813,432.4500122070313,433.0899963378906,433.0899963378906,102296100,0.0,0.0,0.278654771091493,0.3236941708226318,0.3976510473948023,-0.1189962763033092
2025-10-08,TSLA,437.5700073242188,441.3299865722656,425.2300109863281,438.6900024414063,438.6900024414063,71192100,0.0,0.0,0.2605331022231305,0.5333623829312989,0.2061045126775737,0.0544285895455567
2025-10-09,TSLA,431.80999755859375,436.3500061035156,426.1799926757813,435.5400085449219,435.5400085449219,69339900,0.0,0.0,0.3356625488737509,0.3666328460510288,0.2977045935889085,0.0379579552848424
2025-10-10,TSLA,436.5400085449219,443.1300048828125,411.4500122070313,413.489990234375,413.489990234375,112107900,0.0,0.0,,,,
2025-10-13,TSLA,423.5299987792969,436.8900146484375,419.7000122070313,435.8999938964844,435.8999938964844,79552800,0.0,0.0,0.2114424638407812,0.5224620942238041,0.2660954335958442,-0.0546529697550629
2025-10-14,TSLA,426.7900085449219,434.2000122070313,417.8599853515625,429.239990234375,429.239990234375,72669400,0.0,0.0,0.323671856154807,0.3840759224616564,0.2922522159150013,0.0314196402398057
2025-10-15,TSLA,434.8999938964844,440.510009765625,426.3299865722656,435.1499938964844,435.1499938964844,71558200,0.0,0.0,0.181385027602888,0.4674843020665531,0.3511306711783011,-0.1697456435754131
2025-10-16,TSLA,434.7300109863281,439.3500061035156,421.30999755859375,428.75,428.75,77189900,0.0,0.0,0.1942212032852694,0.4940321718808264,0.3117466202937066,-0.1175254170084371
2025-10-17,TSLA,425.5,441.4599914550781,423.6000061035156,439.30999755859375,439.30999755859375,89331600,0.0,0.0,0.392255514461015,0.38350849048168,0.224236003588885,0.1680195108721298
2025-10-20,TSLA,443.8699951171875,449.7999877929688,440.6099853515625,447.4299926757813,447.4299926757813,63719000,0.0,0.0,0.2402636396388212,0.4555227802349971,0.3042135724606803,-0.0639499328218591
2025-10-21,TSLA,445.760009765625,449.2999877929688,442.0499877929688,442.6000061035156,442.6000061035156,54412200,0.0,0.0,0.205890780736534,0.5013548673464442,0.2927543443610083,-0.0868635636244742
2025-10-22,TSLA,443.4500122070313,445.5400085449219,429.0,438.9700012207031,438.9700012207031,84023500,0.0,0.0,0.4434996692377121,0.3930004189483995,0.1634999037352065,0.2799997655025055
2025-10-23,TSLA,420.0,449.3999938964844,413.8999938964844,448.9800109863281,448.9800109863281,126709800,0.0,0.0,0.4938724648533389,0.2587417236436158,0.2473858118336647,0.2464866530196741
2025-10-24,TSLA,446.8299865722656,451.6799926757813,430.1700134277344,433.7200012207031,433.7200012207031,94727800,0.0,0.0,,,,
2025-10-27,TSLA,439.9800109863281,460.1600036621094,438.6900024414063,452.4200134277344,452.4200134277344,105867500,0.0,0.0,,,,
2025-10-28,TSLA,454.7799987792969,467.0,451.6000061035156,460.5499877929688,460.5499877929688,80185700,0.0,0.0,0.4144805941032246,0.338949356751982,0.2465700540633406,0.1679105400398839
2025-10-29,TSLA,462.5,465.7000122070313,452.6499938964844,461.510009765625,461.510009765625,67983500,0.0,0.0,0.3533730582954982,0.2803927596348027,0.3662341822559635,-0.0128611239604651
2025-10-30,TSLA,451.0499877929688,455.05999755859375,439.6099853515625,440.1000061035156,440.1000061035156,72447900,0.0,0.0,,,,
2025-10-31,TSLA,446.75,458.0,443.6900024414063,456.55999755859375,456.55999755859375,83135800,0.0,0.0,,,,
2025-11-03,TSLA,455.989990234375,474.0700073242188,453.7999877929688,468.3699951171875,468.3699951171875,84595200,0.0,0.0,0.2644187970552593,0.3816391635686159,0.353942034393549,-0.0895232373382896
2025-11-04,TSLA,454.4599914550781,460.2200012207031,443.6000061035156,444.260009765625,444.260009765625,87756600,0.0,0.0,0.4714461985195792,0.2034404400389554,0.3251133578028096,0.1463328407167695
2025-11-05,TSLA,452.0499877929688,466.3299865722656,440.7099914550781,462.0700073242188,462.0700073242188,85573000,0.0,0.0,,,,
2025-11-06,TSLA,461.9599914550781,467.4500122070313,435.0899963378906,445.9100036621094,445.9100036621094,109622900,0.0,0.0,0.2193855014130739,0.4101806528134538,0.3704338476194867,-0.1510483462064127
2025-11-07,TSLA,437.9200134277344,439.3599853515625,421.8800048828125,429.5199890136719,429.5199890136719,103471500,0.0,0.0,0.1828758463693352,0.4946431918786122,0.3224809431972411,-0.1396050968279059
2025-11-10,TSLA,439.6000061035156,449.6700134277344,433.3599853515625,445.2300109863281,445.2300109863281,76515900,0.0,0.0,,,,
2025-11-11,TSLA,439.3999938964844,442.489990234375,432.3599853515625,439.6199951171875,439.6199951171875,60533200,0.0,0.0,,,,
2025-11-12,TSLA,442.1499938964844,442.3299865722656,426.55999755859375,430.6000061035156,430.6000061035156,58513500,0.0,0.0,,,,
2025-11-13,TSLA,423.1300048828125,424.5,396.3399963378906,401.989990234375,401.989990234375,118948000,0.0,0.0,,,,
2025-11-14,TSLA,386.2999877929688,412.1900024414063,382.7799987792969,404.3500061035156,404.3500061035156,105506700,0.0,0.0,,,,
2025-11-17,TSLA,398.739990234375,423.9599914550781,398.739990234375,408.9200134277344,408.9200134277344,102214300,0.0,0.0,0.2697686763198743,0.4151022758464827,0.3151290377298759,-0.0453603614100016
2025-11-18,TSLA,405.3800048828125,408.8999938964844,393.7099914550781,401.25,401.25,80688600,0.0,0.0,0.45644769845863,0.2512348102172836,0.2923174978766057,0.1641302005820242
2025-11-19,TSLA,406.1799926757813,411.7799987792969,398.5,403.989990234375,403.989990234375,72047700,0.0,0.0,0.2280885033997828,0.3957372824357741,0.3761742163206572,-0.1480857129208743
2025-11-20,TSLA,414.6300048828125,428.9400024414063,394.739990234375,395.2300109863281,395.2300109863281,113548800,0.0,0.0,0.1990045762776086,0.4111569658542672,0.3898384530718128,-0.190833876794204
2025-11-21,TSLA,402.3200073242188,402.7999877929688,383.760009765625,391.0899963378906,391.0899963378906,100460600,0.0,0.0,0.4760636392359931,0.4870224278420209,0.0369139307488997,0.4391497084870934
2025-11-24,TSLA,402.1700134277344,421.7200012207031,401.0899963378906,417.7799987792969,417.7799987792969,96806400,0.0,0.0,0.1194476210088892,0.7492443287575786,0.1313080398196523,-0.0118604188107631
2025-11-25,TSLA,414.4200134277344,420.4800109863281,405.9500122070313,419.3999938964844,419.3999938964844,71915600,0.0,0.0,0.4107875580713153,0.2924866684526204,0.296725757792592,0.1140618002787232
2025-11-26,TSLA,423.9500122070313,426.9400024414063,416.8900146484375,426.5799865722656,426.5799865722656,63463000,0.0,0.0,0.4111255309156452,0.3207886422945497,0.2680858262659361,0.1430397046497092
2025-11-28,TSLA,426.5899963378906,432.9299926757813,426.2000122070313,430.1700134277344,430.1700134277344,36252900,0.0,0.0,,,,
2025-12-01,TSLA,425.3200073242188,433.6600036621094,425.2900085449219,430.1400146484375,430.1400146484375,57307600,0.0,0.0,,,,
